valid_frames,length,width,height,global_length,stable_width,stable_height
38516,0.800273851,0.419505589,0.290932645,0.800273851,0.419505589,0.290932645
